{"cameraMode":{"drawMode":0,"name":"Shaded","section":"Shading Mode"},"sceneLighting":false,"audioPlay":false,"sceneViewState":{"showFog":true,"showMaterialUpdate":false,"showSkybox":false,"showFlares":true,"showImageEffects":true,"showParticleSystems":true},"in2DMode":false,"pivot":{"x":-2.265237808227539,"y":0.8831968307495117,"z":-5.369459629058838},"rotation":{"x":-0.13510529696941377,"y":-0.7223065495491028,"z":0.147404745221138,"w":-0.6620432734489441},"size":7.071067810058594,"orthographic":false}