{"cameraMode":{"drawMode":0,"name":"Shaded","section":"Shading Mode"},"sceneLighting":false,"audioPlay":false,"sceneViewState":{"showFog":true,"showMaterialUpdate":false,"showSkybox":false,"showFlares":true,"showImageEffects":true,"showParticleSystems":true},"in2DMode":false,"pivot":{"x":3.0,"y":0.015673547983169557,"z":0.40000009536743166},"rotation":{"x":-0.3921689987182617,"y":0.05706554651260376,"z":-0.024385228753089906,"w":-0.9178024530410767},"size":0.4741237759590149,"orthographic":false}